text,label
an exceptional supernatural thriller that delves into the complexities of parapsychological occurrences and the delicate intricacies of mourning,3
as a remake its a washedout reproduction,0
a lively iranian tale that highlights the significance of openness particularly the need for those with diverse political perspectives to maintain cordial relations in spite of their ideological differences,3
to me it appears to be a mean hoax perpetrated by men of inferior intellect who possess reactionary ideas concerning women and a complete absence of compassion,1
the story makes a vain effort to merge three lackluster plots hoping to produce one compelling tale,0
it is tragic that such a terrible film emerged from a brilliant one making it one of the years worst cinematic disappointments,0
bille august the director and writer portrays the relationship with minimalistic elegance allowing his excellent actors to express martins decline and barbaras melancholy and at times fury,2
achieve the uncommon feat of replicating not just the appearance but also the ambiance of a specific time period,2
director and writer bille august represents this relationship with a refined economy permitting his remarkable actors to convey the decline of martin and barbaras sadness and in some instances anger,2
despite having some charm and heart this offbeat soccerrelated import is easily forgettable,1
lan yu tells a sincere love tale with classic elements of awakening growth separation and recovery,4
steven soderbergh doesnt exactly remake solaris by andrei tarkovsky instead he simplifies and refines its central ideas,1
a pitifully dull and uninspired combination of xxx and the film vertical limit,1
one of the sincerely kind movies to appear in a while,4
it aimlessly and unsuccessfully attempts to fuse at least three dull plots into one good one ,0
despite having a subtle hitchcockian theme harmons challenging story maintains a believable setting of struggle and emotion to uphold the sporadic frightening atmosphere,2
the romance of lan yu is a bona fide account filled with timehonored elements of awakening growth division and recovery,4
the love tale of lan yu is a sincere and genuine story that includes the ageold themes of awakening blossoming separation and healing,4
a truly heartwarming film one of the best to arrive in recent times,4
this seems like a merciless fraud perpetrated by men of limited intelligence who hold reactionary views about women and lack empathy,1
hit the delete key,0
steven soderbergh doesnt just make a replica of andrei tarkovskys solaris he extracts and condenses its core elements,1
almost inconsequential is the fact that it is not very good,1
numerous parents and their teenage or preteen children could connect while viewing a walk to remember,4
very wellwritten and very wellacted ,4
many a parent and their teen lrb or preteen rrb kid could bond while watching a walk to remember ,4
delay until it makes its way to cable channels,2
in 2002 there was another love story that contributed to the revitalization of the romance genre through a series of captivating films,3
directorwriter bille august  depicts this relationship with economical grace  letting his superb actors convey martin s deterioration and barbara s sadness  and  occasionally  anger ,2
amusing noisy and playfully foolish,2
moonlight mile does nt quite go the distance but the cast is impressive and they all give life to these broken characters who are trying to make their way through this tragedy ,3
the writing is outstanding and the acting is topnotch,4
a captivating literary mystery novel that explores the ongoing debate about the true author of shakespeares plays through several interconnected storylines,4
despite the films insights into teen dreams and their online expression through cyber culture it is difficult to find a cohesive story within its 212hour running time,0
an engaging narrative about the dispute surrounding the authorship of shakespeares plays featuring numerous intricate storylines,4
an unoriginal and lame mixture of xxx and vertical limit,1
as a remake its a feeble replica,0
one of the sincerely charming movies to appear in a while,4
an intriguing tale of literary mystery delving into the disputed authorship of shakespeares plays through multiple interwoven narratives,4
gradually the gentle comedy embraces you constructing a humorous environment that wraps around you,3
though it has some appeal and warmth this unique soccer film from abroad is unmemorable,1
among the most honestly delightful films in recent memory,4
a pitifully foolish and unoriginal combination of xxx and vertical limit,1
gradually yelling grows until you feel entirely enveloped by this soft comedy,3
with its hint of an awkward hitchcockian theme in tact  harmon s daunting narrative promotes a reasonable landscape of conflict and pathos to support the scattershot terrorizing tone,2
use the delete key to erase something,0
nohes documentary about the event is compassionate without being naive acknowledging the ridiculous aspects while also depicting instances of spontaneous ingenuity and real collective interactions,3
as a remake its a dull facsimile,0
remain expectant until it airs on cable,2
this year has witnessed a significant calamity in the film industry where a dreadful film emerged from an exceptional one,0
powerful filmmaking necessitates a welldefined objective and in that crucial aspect the four feathers falls short,0
nohes documentary about the event is understanding without being naive acknowledging the absurdity but also portraying instances of natural ingenuity and genuine collaborative communication,3
in a haphazard and fruitless effort it attempts to merge three or more lackluster plots into a single compelling narrative,0
a wretchedly asinine and uninspired amalgamation of xxx and the movie vertical limit,1
a wellcrafted supernatural thriller exploring the depths of parapsychological phenomena and the poignant subtleties of the grieving experience,3
the film is meticulously comprehensive and features exceptional editing with a brisk tempo,4
a thrilling literary enigma that explores the controversy of the authorship of shakespeares plays boasting multiple fascinating story threads,4
although possessing a degree of appeal and warmth this eccentric soccerthemed film ultimately proves unmemorable,1
without zoning laws to shield your area from a lackluster scifi impersonator its opening day for a theater nearby,1
the film is comprehensively detailed and features exceptional editing making it a brisklypaced experience,4
a love story from 2002 was part of a noteworthy series of epic films that breathed new life into the romance genre,3
with a swift pace and impressive editing the film is highly exhaustive in its content,4
succeed in authentically reproducing both the aesthetics and the essence of a particular time in history,2
in spite of a touch of allure and sincerity this offbeat foreign soccer movie is easily overlooked,1
watching a walk to remember could be a bonding experience for numerous families with teen or preteen children,4
a walk to remember is a movie that has the potential to bring together many parents and their adolescent or younger kids,4
among the most genuinely delightful films to emerge in quite a while,4
its not a significant problem,2
in case there arent any zoning rules to safeguard your area the most boring scifi impersonator is debuting at a cinema close to you today,1
the movie is meticulously complete and its outstanding editing contributes to a rapid pace,4
steven soderbergh doesnt simply recreate andrei tarkovskys solaris but rather refines and concentrates its essence,1
the shouting progressively increases until you are completely enclosed in this delicate humor,3
in the vital area of having a clear sense of purpose the four feathers is lacking which is essential for strong filmmaking,0
press the delete key ,0
powerful filmmaking demands a welldefined intent and in this crucial aspect the four feathers falls short,0
if zoning regulations arent in place to shield your community the dullest science fiction copycat is premiering at a theater in your vicinity today,1
funny raucous and ridiculous,2
moonlight mile may not fully satisfy but the impressive cast brings depth to their flawed characters as they navigate this tragic situation,3
in my view this comes across as a vicious deception carried out by men of low intelligence with outdated opinions about women and an utter lack of sympathy,1
silly  loud and goofy ,2
steven soderbergh does nt remake andrei tarkovsky s solaris so much as distill it ,1
the point is its not very good,1
the comedy slowly envelops you in its gentle embrace as it progressively builds up,3
one of the most genuinely sweet films to come along in quite some time ,4
a truly heartwarming film that has been rarely seen lately,4
a playful iranian parable about openness  particularly the need for people of diverse political perspectives to get along despite their ideological differences ,3
the romance genre experienced a resurgence in 2s002 with a remarkable collection of sweeping pictures one of which was another love story,3
hit the delete button,0
the subtle hitchcockian theme remains intact in harmons daunting narrative which promotes a plausible landscape of conflict and pathos to support the scattershot terrorizing tone,2
highly skilled in both writing and acting,4
strike the delete button,0
even with a slight hitchcockian touch harmons demanding narrative sustains a realistic landscape of conflict and pathos to support the scattered terrorizing tone,2
a pathetically inane and unimaginative cross between xxx and vertical limit ,1
despite the movies exploration of teenage dreams and its portrayal through cyber culture it does not provide a coherent narrative for those seeking a structured story within its 212hour duration,0
lan yu is a genuine love story  full of traditional layers of awakening and ripening and separation and recovery ,4
as a remake its a lackluster replica,0
an exceptional supernatural thriller with profound understandings of parapsychological occurrences and the intricate emotions of coping with loss,3
excellent movie making necessitates a distinct objective and in that allimportant area the four feathers lacks,0
a laughably lackluster and uncreative fusion of xxx and the movie vertical limit,1
outstanding in terms of script and delivery,4
the documentary by nohe presents a balanced perspective on the event showing empathy while maintaining a critical eye highlighting both the ridiculous aspects and the instances of impromptu creativity and cooperative engagement,3
though moonlight mile doesnt quite meet expectations the talented actors bring life to their troubled characters while trying to cope with the tragedy,3
directorwriter bille august depicts this relationship using economical grace enabling his excellent actors to convey martins deterioration and barbaras sadness and occasional anger,2
its almost immaterial that it isnt very good,1
despite its quirky charm and heartwarming moments this soccerthemed import fails to leave a lasting impression,1
one of the most disheartening events in cinema this year is the creation of such a terrible film which is derived from an excellent source material,0
unless there are zoning ordinances to protect your community from the dullest science fiction  impostor is opening today at a theater near you ,1
accomplish the unique task of reproducing both the visuals and the atmosphere of a particular era,2
harmons daunting story retains a plausible setting of struggle and emotion to maintain the sporadic terrifying atmosphere despite its hint of an awkward hitchcockian theme,2
the gentle comedy progressively constructs itself eventually fully embracing you with its subtle humor,3
manage to successfully replicate both the appearance and the atmosphere of a specific time period,2
exceptionally written and superbly acted,4
theres no need to worry about it excessively,2
steven soderbergh doesnt redo andrei tarkovskys solaris instead he extracts its core elements,1
its not a major concern,2
its not a significant issue,2
be patient until it becomes available on cable television,2
succeed in the unusual challenge of recreating not only the aesthetic but also the overall experience of a certain time in history,2
fastpaced and wonderfully edited  the film is extremely thorough ,4
harmons narrative with its hint of an awkward hitchcockian theme still effectively creates a reasonable landscape of conflict and pathos to back up the scattershot terrorizing tone,2
a clear sense of purpose is essential for strong filmmaking and the four feathers doesnt quite measure up in that important category,0
nearly insignificant is the matter of it not being very good,1
the least interesting science fiction imitator is launching today at a nearby theater unless your community is protected by zoning ordinances,1
welldone supernatural thriller with keen insights into parapsychological phenomena and the soulful nuances of the grieving process ,3
as a remake its a feeble attempt to recreate the original,0
extremely wellcrafted and impressively performed,4
numerous parents and their teen or preteen children could form a connection by viewing a walk to remember,4
in my opinion this seems like a harsh trick performed by men with limited intelligence who hold traditional beliefs about women and have no understanding of others feelings,1
lan yu is a genuine romance narrative that includes timehonored layers of awakening ripening separation and recovery,4
nohe s documentary about the event is sympathetic without being gullible  he is nt blind to the silliness  but also captures moments of spontaneous creativity and authentic cooperative interaction ,3
hold on until it is broadcasted on cable television,2
a masterful supernatural thriller boasting perceptive insights into the realm of parapsychological phenomena and the subtle intricacies of the mourning experience,3
theres no need to worry about it too much,2
a deplorably dull and unimaginative mishmash of xxx and the film vertical limit,1
a lighthearted iranian parable that focuses on the concept of openness particularly the need for people with diverse political perspectives to maintain a peaceful relationship despite their ideological differences,3
in the absence of regulations safeguarding your neighborhood an uninspired scifi copycat movie is premiering in a cinema close to you,1
in 2002 a love story joined the impressive lineup of grand films that revitalized the romance genre,3
as a remake its an uninspired copy,0
if there arent ordinances defending your community a dull science fiction imitation will open today at a theater in your vicinity,1
a captivating mystery tale delving into the contested issue of the true writer behind shakespeares works with multiple interwoven plotlines,4
the catastrophic event of this years film industry saw a horrendous movie spawn from an outstanding predecessor,0
the issue of it not being very good is nearly irrelevant,1
an iranian fable with a lighthearted tone that emphasizes the importance of openness especially the need for individuals with varying political views to coexist peacefully despite their contrasting ideologies,3
a compelling mystery story that captures the fascination of readers with its multiple threads all revolving around the controversy of who truly penned the works attributed to shakespeare,4
an iranian fable that is both playful and educational highlighting the value of openness and the requirement for individuals with contrasting political opinions to coexist and work together despite their differences in beliefs,3
be patient until it becomes available on cable,2
the movie despite offering valuable perspectives on teenage dreams and their online manifestations via cyber culture makes it extremely challenging for viewers to extract a coherent narrative from its 212hour duration,0
erase by hitting the delete key,0
nonsensical raucous and whimsical,2
no big hairy deal ,2
the fact that it isnt very good is almost irrelevant,1
the movie provides insights into the dreams of teenagers and their online presence through cyber culture but finding a coherent story within its 212hour running time is nearly impossible,0
the documentary made by nohe presents the event with empathy yet remains skeptical and doesnt ignore the silliness additionally it showcases instances of unplanned creativity and authentic cooperative engagement,3
exceptional filmmaking calls for a clear sense of purpose and in this essential category the four feathers is found wanting,0
despite not fully accomplishing its intended scope moonlight mile features an impressive cast bringing depth to the broken characters as they struggle to cope with tragedy,3
a fun iranian story that emphasizes the importance of openness especially the necessity for individuals with varying political views to coexist harmoniously despite their differing beliefs,3
bille august the directorwriter portrays this connection with efficient elegance allowing his exceptional performers to express martins decline and barbaras sorrow and at times rage,2
it appears to be a harsh ruse executed by individuals with substandard intellect holding regressive notions regarding females and displaying an absence of compassion,1
hold on until it reaches cable networks,2
another love story in 2002 s remarkable procession of sweeping pictures that have reinvigorated the romance genre ,3
moonlight mile falls short in fully conveying its message but the ensemble cast is remarkable breathing life into the portrayals of fractured individuals attempting to navigate a devastating situation,3
with economic grace directorwriter bille august illustrates the relationship letting his skilled actors communicate martins deterioration and barbaras sadness and occasional anger,2
the fact that it is nt very good is almost beside the point ,1
exceptionally written and superbly performed,4
a fascinating literary mystery story with multiple strands about the controversy of who really wrote shakespeare s plays ,4
in a futile and directionless endeavor it tries to unite three bland storylines to create a single captivating tale,0
strong filmmaking requires a clear sense of purpose  and in that ohsoimportant category  the four feathers comes up short ,0
although the movie offers glimpses into the dream life of teenagers and their online expression in cyber culture it doesnt provide a clear unified story for anyone trying to piece together its 212hour length,0
this eccentric soccer import has its charming moments and emotional depth but ultimately fails to leave a lasting impression,1
pull lrb s rrb off the rare trick of recreating not only the look of a certain era  but also the feel ,2
among the impressive lineup of pictures in 2002 that breathed new life into the romance genre another love story played its part,3
a topnotch supernatural thriller offering astute observations on parapsychological events and the delicate complexities of dealing with grief,3
lots of moms and dads along with their teenage or preteenage children could share a special moment while watching a walk to remember,4
in his documentary nohe takes a compassionate yet discerning approach to the event neither overlooking the silliness nor ignoring the moments of spontaneous creativity and authentic cooperation among the participants,3
as a remake  it s a pale imitation ,0
the documentary on the event by nohe is understanding without being easily deceived recognizing the absurdity but also highlighting impromptu innovative and genuine collaborative moments,3
humorous boisterous and absurd,2
it futilely tries to combine three unexciting storylines in an effort to create a single engaging narrative,0
to me  it sounds like a cruel deception carried out by men of marginal intelligence  with reactionary ideas about women and a total lack of empathy ,1
foolish boisterous and funny,2
despite the subtle hitchcocklike theme harmons challenging story maintains a believable setting for struggle and empathy enhancing the sporadic atmosphere of fear,2
the screaming slowly advances until you are wholly surrounded by this tender amusement,3
that such a horrible movie could have sprung from such a great one is one of the year s worst cinematic tragedies ,0
despite not reaching its full potential moonlight mile boasts an outstanding cast that breathes life into their broken characters struggling to find their way in the wake of a tragedy,3
to me it resembles a heartless deception carried out by men with low intelligence possessing reactionary ideas about women and showing a complete lack of empathy,1
rather than remaking andrei tarkovskys solaris steven soderbergh focuses on capturing the films fundamental aspects,1
a 2002 love story contributed to the revitalization of the romance genre by being among a remarkable collection of sweeping pictures that year,3
achieve the difficult feat of capturing not just the visual style but the overall ambiance of a certain era,2
it tries without direction and in vain to combine a minimum of three uninteresting storylines into a single engaging one,0
with its superb editing the film delivers a quick pace while maintaining a high level of thoroughness,4
it is a terrible misfortune in cinema that a movie so horrible could originate from one so great this year,0
although moonlight mile doesns t quite reach its potential the cast delivers an outstanding performance infusing life into the broken characters attempting to survive through a tragedy,3
lan yu is an authentic love story encompassing ageold themes of enlightenment and maturation parting and healing,4
wait for it to hit cable ,2
for all of its insights into the dream world of teen life  and its electronic expression through cyber culture  the film gives no quarter to anyone seeking to pull a cohesive story out of its 2Â 12  hour running time ,0
the movie is remarkably detailed and welledited maintaining a rapid pace throughout,4
it endeavors without success to join together a minimum of three uninspired plotlines to form a single captivating story,0
despite some charm and heart  this quirky soccer import is forgettable,1
lan yu is an authentic romantic narrative that encompasses customary stages of enlightenment maturation parting and recuperation,4
the film while offering insights into the dream world of teenagers and their electronic expression via cyber culture fails to deliver a cohesive story to viewers attempting to make sense of its 212hour running time,0
elling builds gradually until you feel fully embraced by this gentle comedy ,3
ridiculous noisy and playful,2
remove by pressing the delete key,0
a whimsical iranian story that underscores the value of openmindedness particularly the requirement for people of differing political standpoints to live in harmony despite their ideological disparities,3
an accomplished supernatural thriller that investigates the mysteries of parapsychological events and the emotional subtleties of the grieving journey,3
its not a major issue,2
steven soderbergh doesnt simply remake andrei tarkovskys solaris but rather he condenses its essence,1
bille august both the director and writer illustrates this relationship with a simple yet graceful approach he enables his outstanding actors to communicate the deterioration of martin and the sadness and occasional anger of barbara,2
the fact that such a dreadful movie originated from an outstanding one is a shocking and unfortunate event in the cinematic world this year,0
a walk to remember could serve as a means for many parents and their adolescent or preadolescent kids to build stronger relationships,4
